{"prefix": {"roocs": "urn:roocs:", "provone": "http://purl.dataone.org/provone/2015/01/15/ontology#", "dcterms": "http://purl.org/dc/terms/"}, "agent": {"roocs:C3S_CDS": {"prov:type": {"$": "prov:Organization", "type": "prov:QUALIFIED_NAME"}, "prov:label": "Copernicus Climate Data Store", "dcterms:source": "https://cds.climate.copernicus.eu"}, "roocs:Provider": {"prov:type": {"$": "prov:Agent", "type": "prov:QUALIFIED_NAME"}, "prov:label": "Provider", "dcterms:source": "Rook"}, "roocs:rook_v0.15.0": {"prov:type": {"$": "prov:SoftwareAgent", "type": "prov:QUALIFIED_NAME"}, "prov:label": "Rook", "dcterms:source": "https://github.com/roocs/rook/releases/tag/v0.15.0"}, "roocs:clisops_v0.12.2": {"prov:type": {"$": "prov:SoftwareAgent", "type": "prov:QUALIFIED_NAME"}, "prov:label": "clisops", "dcterms:source": "https://github.com/roocs/clisops/releases/tag/v0.12.2"}}, "wasAttributedTo": {"_:id1": {"prov:entity": "roocs:rook_v0.15.0", "prov:agent": "roocs:C3S_CDS"}, "_:id2": {"prov:entity": "roocs:rook_v0.15.0", "prov:agent": "roocs:Provider"}}, "entity": {"roocs:workflow_6b722ad0-c39d-47a8-95bc-ac7efc27a320": {"prov:type": {"$": "provone:Workflow", "type": "prov:QUALIFIED_NAME"}}, "roocs:c3s-cmip6.CMIP.CNRM-CERFACS.CNRM-CM6-1-HR.historical.r1i1p1f2.Amon.tasmin.gr.v20191021": {"prov:type": {"$": "provone:Data", "type": "prov:QUALIFIED_NAME"}, "prov:label": "c3s-cmip6.CMIP.CNRM-CERFACS.CNRM-CM6-1-HR.historical.r1i1p1f2.Amon.tasmin.gr.v20191021"}, "roocs:tasmin_Amon_CNRM-CM6-1-HR_historical_r1i1p1f2_gr_19860116-20141216.nc": {"prov:type": {"$": "provone:Data", "type": "prov:QUALIFIED_NAME"}, "prov:label": "tasmin_Amon_CNRM-CM6-1-HR_historical_r1i1p1f2_gr_19860116-20141216.nc"}}, "activity": {"roocs:orchestrate_6b722ad0-c39d-47a8-95bc-ac7efc27a320": {"prov:type": {"$": "provone:Execution", "type": "prov:QUALIFIED_NAME"}, "prov:label": "orchestrate", "prov:startTime": "2024-11-29T16:21:59", "prov:endTime": "2024-11-29T16:22:04"}, "roocs:subset_tasmin_1_ece7f842-53e3-4ba0-8bc2-d04735e99fb4": {"prov:type": {"$": "provone:Execution", "type": "prov:QUALIFIED_NAME"}, "prov:label": "subset_tasmin_1", "roocs:time": "1986/2014", "roocs:time_components": "year:1986,1987,1988,1989,1990,1991,1992,1993,1994,1995,1996,1997,1998,1999,2000,2001,2002,2003,2004,2005,2006,2007,2008,2009,2010,2011,2012,2013,2014", "roocs:area": "6,50,8,52", "roocs:apply_fixes": false}}, "wasAssociatedWith": {"_:id3": {"prov:activity": "roocs:orchestrate_6b722ad0-c39d-47a8-95bc-ac7efc27a320", "prov:agent": "roocs:rook_v0.15.0", "prov:plan": "roocs:workflow_6b722ad0-c39d-47a8-95bc-ac7efc27a320"}, "_:id4": {"prov:activity": "roocs:subset_tasmin_1_ece7f842-53e3-4ba0-8bc2-d04735e99fb4", "prov:agent": "roocs:clisops_v0.12.2", "prov:plan": "roocs:workflow_6b722ad0-c39d-47a8-95bc-ac7efc27a320"}}, "wasDerivedFrom": {"_:id5": {"prov:generatedEntity": "roocs:tasmin_Amon_CNRM-CM6-1-HR_historical_r1i1p1f2_gr_19860116-20141216.nc", "prov:usedEntity": "roocs:c3s-cmip6.CMIP.CNRM-CERFACS.CNRM-CM6-1-HR.historical.r1i1p1f2.Amon.tasmin.gr.v20191021", "prov:activity": "roocs:subset_tasmin_1_ece7f842-53e3-4ba0-8bc2-d04735e99fb4"}}}