{"prefix": {"roocs": "urn:roocs:", "provone": "http://purl.dataone.org/provone/2015/01/15/ontology#", "dcterms": "http://purl.org/dc/terms/"}, "agent": {"roocs:C3S_CDS": {"prov:type": {"$": "prov:Organization", "type": "prov:QUALIFIED_NAME"}, "prov:label": "Copernicus Climate Data Store", "dcterms:source": "https://cds.climate.copernicus.eu"}, "roocs:Provider": {"prov:type": {"$": "prov:Agent", "type": "prov:QUALIFIED_NAME"}, "prov:label": "Provider", "dcterms:source": "Rook"}, "roocs:rook_v0.15.0": {"prov:type": {"$": "prov:SoftwareAgent", "type": "prov:QUALIFIED_NAME"}, "prov:label": "Rook", "dcterms:source": "https://github.com/roocs/rook/releases/tag/v0.15.0"}, "roocs:clisops_v0.12.2": {"prov:type": {"$": "prov:SoftwareAgent", "type": "prov:QUALIFIED_NAME"}, "prov:label": "clisops", "dcterms:source": "https://github.com/roocs/clisops/releases/tag/v0.12.2"}}, "wasAttributedTo": {"_:id1": {"prov:entity": "roocs:rook_v0.15.0", "prov:agent": "roocs:C3S_CDS"}, "_:id2": {"prov:entity": "roocs:rook_v0.15.0", "prov:agent": "roocs:Provider"}}, "entity": {"roocs:workflow_4b25ec73-dfd3-40ee-9a29-f9411e4cf998": {"prov:type": {"$": "provone:Workflow", "type": "prov:QUALIFIED_NAME"}}, "roocs:c3s-cmip6.CMIP.AWI.AWI-CM-1-1-MR.historical.r1i1p1f1.Amon.tasmax.gn.v20181218": {"prov:type": {"$": "provone:Data", "type": "prov:QUALIFIED_NAME"}, "prov:label": "c3s-cmip6.CMIP.AWI.AWI-CM-1-1-MR.historical.r1i1p1f1.Amon.tasmax.gn.v20181218"}, "roocs:tasmax_Amon_AWI-CM-1-1-MR_historical_r1i1p1f1_gn_19860116-20141216.nc": {"prov:type": {"$": "provone:Data", "type": "prov:QUALIFIED_NAME"}, "prov:label": "tasmax_Amon_AWI-CM-1-1-MR_historical_r1i1p1f1_gn_19860116-20141216.nc"}}, "activity": {"roocs:orchestrate_4b25ec73-dfd3-40ee-9a29-f9411e4cf998": {"prov:type": {"$": "provone:Execution", "type": "prov:QUALIFIED_NAME"}, "prov:label": "orchestrate", "prov:startTime": "2024-11-29T16:18:45", "prov:endTime": "2024-11-29T16:18:48"}, "roocs:subset_tasmax_1_41991cee-9258-4614-961d-df0f4a835a78": {"prov:type": {"$": "provone:Execution", "type": "prov:QUALIFIED_NAME"}, "prov:label": "subset_tasmax_1", "roocs:time": "1986/2014", "roocs:time_components": "year:1986,1987,1988,1989,1990,1991,1992,1993,1994,1995,1996,1997,1998,1999,2000,2001,2002,2003,2004,2005,2006,2007,2008,2009,2010,2011,2012,2013,2014", "roocs:area": "6,50,8,52", "roocs:apply_fixes": false}}, "wasAssociatedWith": {"_:id3": {"prov:activity": "roocs:orchestrate_4b25ec73-dfd3-40ee-9a29-f9411e4cf998", "prov:agent": "roocs:rook_v0.15.0", "prov:plan": "roocs:workflow_4b25ec73-dfd3-40ee-9a29-f9411e4cf998"}, "_:id4": {"prov:activity": "roocs:subset_tasmax_1_41991cee-9258-4614-961d-df0f4a835a78", "prov:agent": "roocs:clisops_v0.12.2", "prov:plan": "roocs:workflow_4b25ec73-dfd3-40ee-9a29-f9411e4cf998"}}, "wasDerivedFrom": {"_:id5": {"prov:generatedEntity": "roocs:tasmax_Amon_AWI-CM-1-1-MR_historical_r1i1p1f1_gn_19860116-20141216.nc", "prov:usedEntity": "roocs:c3s-cmip6.CMIP.AWI.AWI-CM-1-1-MR.historical.r1i1p1f1.Amon.tasmax.gn.v20181218", "prov:activity": "roocs:subset_tasmax_1_41991cee-9258-4614-961d-df0f4a835a78"}}}